,Symbol,Name
0,BTC,Bitcoin
1,ETH,Ethereum
2,USDT,Tether
3,BNB,BNB
4,USDC,Coin
5,XRP,XRP
6,HEX,HEX
7,ADA,Cardano
8,STETH,Lido-Staked-ETH
9,MATIC,Polygon
10,DOGE,Dogecoin
11,BUSD,Binance
12,SOL,Solana
13,DOT,Polkadot
14,LTC,Litecoin
15,WTRX,Wrapped-TRON
16,SHIB,Shiba-Inu
17,TRX,TRON
18,AVAX,Avalanche
19,DAI,Dai
20,TMG,T-mac-DAO
21,WBTC,Wrapped-Bitcoin
22,LINK,Chainlink
23,LEO,UNUS-SED-LEO
24,ATOM,Cosmos
25,XMR,Monero
26,ETC,Ethereum-Classic
27,UNI7083,Uniswap
28,TON11419,Toncoin
29,OKB,OKB
30,XLM,Stellar
31,BCH,Bitcoin-Cash
32,FIL,Filecoin
33,APT21794,Aptos
34,TUSD,TRUE
35,HBAR,Hedera
36,LDO,Lido-DAO
37,CRO,Cronos
38,NEAR,NEAR-Protocol
39,VET,VeChain
40,APE18876,ApeCoin
41,ALGO,Algorand
42,QNT,Quant
43,BTCB,Bitcoin-BEP2
44,ICP,Internet-Computer
45,STX4847,Stacks
46,GRT6719,The-Graph
47,FTM,Fantom
48,EOS,EOS
49,WBNB,Wrapped-BNB
50,BIT11221,BitDAO
51,MANA,Decentraland
52,HBTC,Huobi-BTC
53,EGLD,MultiversX
54,XTZ,Tezos
55,FRAX,Frax
56,AAVE,Aave
57,THETA,Theta-Network
58,FLOW,Flow
59,AXS,Axie-Infinity
60,IMX10603,Immutable
61,SAND,The-Sandbox
62,CFX,Conflux
63,USDP,Pax-Dollar
64,NEO,Neo
65,KCS,KuCoin-Token
66,CHZ,Chiliz
67,RPL,Rocket-Pool
68,LUNC,Terra-Classic
69,USDD,D
70,BSV,Bitcoin-SV
71,OP,Optimism
72,KLAY,Klaytn
73,MINA,Mina
74,CAKE,PancakeSwap
75,CRV,Curve-DAO-Token
76,DASH,Dash
77,BTTOLD,BitTorrent
78,MKR,Maker
79,TNC5524,TNC-Coin
80,SNX,Synthetix
81,GUSD,Gemini-Dollar
82,HT,Huobi-Token
83,GMX11857,GMX
84,XEC,eCash
85,ZEC,Zcash
86,BTT,BitTorrent(New)
87,MIOTA,IOTA
88,BGB,Bitget-Token
89,FXS,Frax-Share
90,XDC,XDC-Network
91,GT,GateToken
92,PAXG,PAX-Gold
93,AGIX,SingularityNET
94,TWT,Trust-Wallet-Token
95,XAUT,Tether-Gold
96,LRC,Loopring
97,RUNE,THORChain
98,MASK8536,Mask-Network
99,RNDR,Render-Token
100,XRD,Radix
101,ZIL,Zilliqa
102,FTT,FTX-Token
103,FLR,Flare
104,1INCH,1inch-Network
105,NEXO,Nexo
106,FEI,Fei
107,OSMO,Osmosis
108,KAVA,Kava
109,CVX,Convex-Finance
110,ENJ,Enjin-Coin
111,CSPR,Casper
112,DFI,DeFiChain
113,SSV,ssv.network
114,BAT,Basic-Attention-Token
115,NXM,NXM
116,T,Threshold
117,DYDX,dYdX
118,ETHW,EthereumPoW
119,XEM,NEM
120,WEMIX,WEMIX
121,BAL,Balancer
122,QTUM,Qtum
123,ROSE,Oasis-Network
124,WOO,WOO-Network
125,FLOKI,FLOKI
126,RVN,Ravencoin
127,TFUEL,Theta-Fuel
128,KAS,Kaspa
129,LUNA20314,Terra
130,DCR,Decred
131,HOT2682,Holo
132,ANKR,Ankr
133,COMP5692,Compound
134,USDJ,J
135,YFI,yearn.finance
136,MAGIC14783,MAGIC
137,FET,Fetch.ai
138,CELO,Celo
139,INJ,Injective
140,KSM,Kusama
141,MOB,MobileCoin
142,GNO,Gnosis
143,GALA,Gala
144,AR,Arweave
145,BTG,Bitcoin-Gold
146,LN,LINK
147,AUDIO,Audius
148,ONE3945,Harmony
149,LUSD,Liquity
150,ASTR,Astar
151,ENS,Ethereum-Name-Service
152,XCH,Chia
153,BABYDOGE,Baby-Doge-Coin
154,OMG,OMEGA-FINANCE
155,BONE11865,Bone-ShibaSwap
156,BDX,Beldex
157,ASTRAFER,Astrafer
158,GLM,Golem
159,WAVES,Waves
160,IOTX,IoTeX
161,SUSHI,SushiSwap
162,GMT18069,STEPN
163,JST,JUST
164,DAO,DAO-Maker
165,GLMR,Moonbeam
166,BLUR,Blur
167,GNS,Gains-Network
168,JASMY,JasmyCoin
169,USTC,TerraClassic
170,BAND,Band-Protocol
171,OCEAN,Ocean-Protocol
172,SC,Siacoin
173,KDA,Kadena
174,EDGT,Edgecoin
175,MV,GensoKishi-Metaverse
176,CKB,Nervos-Network
177,SURE,inSure-DeFi
178,ICX,ICON
179,ONT,Ontology
180,HNT,Helium
181,BRISE,Bitgert
182,IOST,IOST
183,CELR,Celer-Network
184,ZRX,0x
185,XYM,Symbol
186,MX,MX-TOKEN
187,RON14101,Ronin
188,LPT,Livepeer
189,HIVE,Hive
190,LQTY,Liquity
191,BICO,Biconomy
192,ELON,Dogelon-Mars
193,FLUX,Flux
194,CHSB,SwissBorg
195,ELF,aelf
196,RSR,Reserve-Rights
197,POLY,POLY-Maximus
198,BORA,BORA
199,ACH,Alchemy-Pay
200,KEEP,Keep-Network
201,SKL,SKALE
202,WAXP,WAX
203,BNX23635,BinaryX
204,SFP,SafePal
205,AMP,Amp
206,DGB,DigiByte
207,WEVER,Wrapped-Everscale
208,JOE,JOE
209,EVER,Everscale
210,ILV,Illuvium
211,SXP,Solar
212,CORE23254,Core
213,RIF,RSK-Infrastructure-Framework
214,STORJ,Storj
215,RLC,iExec-RLC
216,GTC10052,Gitcoin
217,UMA,UMA
218,TRAC,OriginTrail
219,ALI16876,Artificial-Liquid-Intelligence
220,ZEN,Horizen
221,LSK,Lisk
222,TEL,Telcoin
223,MULTI17050,Multichain
224,EURS,STASIS-EURO
225,BTRST,Braintrust
226,SYS,Syscoin
227,LYXE,LUKSO
228,AXL17799,Axelar
229,TRIBE,Tribe
230,API3,API3
231,MBX18895,MARBLEX
232,XNO,Nano
233,VVS,VVS-Finance
234,SYN12147,Synapse
235,PLA7461,PlayDapp
236,HFT22461,Hashflow
237,PUNDIX,Pundi-X-(New)
238,KNC,Kyber-Network-Crystal-v2
239,TOMI23246,tomiNet
240,MED,MediBloc
241,SLP,Smooth-Love-Potion
242,METIS,MetisDAO
243,PEOPLE,ConstitutionDAO
244,RENBTC,renBTC
245,RBN,Ribbon-Finance
246,NFT9816,APENFT
247,MC,Merit-Circle
248,CHR,Chromia
249,NMR,Numeraire
250,EWT,Energy-Web-Token
251,SNT,Status
252,VUSDC,Venus-C
253,DENT,Dent
254,CFG,Centrifuge
255,SCRT,Secret
256,CVC,Civic
257,STG18934,Stargate-Finance
258,XCN18679,Onyxcoin
259,COCOS,Cocos-BCX
260,RAD,Radicle
261,DEXE,DeXe
262,REN,Ren
263,LOCUS,Locus-Chain
264,RBTC,Rootstock-Smart-Bitcoin
265,POLYX,Polymesh
266,VGX,Voyager-Token
267,ONG3217,Ontology-Gas
268,NYM,NYM
269,PYR,Pyroblock
270,CTSI,Cartesi
271,REQ,Request
272,NU,NuCypher
273,USDX6651,X-[Kava]
274,ANT,Aragon
275,HOOK,Hooked-Protocol
276,DKA,dKargo
277,REP,Augur
278,GAL11877,Galxe
279,DERO,Dero
280,MVL,MVL
281,STEEM,Steem
282,ABBC,ABBC-Coin
283,HUM,Humanscape
284,ERG,Ergo
285,STPT,STP
286,BNT,Bancor
287,ORBS,Orbs
288,ARDR,Ardor
289,MNW,Morpheus.Network
290,DESO,Decentralized-Social
291,PROM,Prom
292,MBOX,MOBOX
293,POWR,Powerledger
294,VBG,Vibing
295,COTI,COTI
296,WILD,Wilder-World
297,XPLA,XPLA
298,VTHO,VeThor-Token
299,TRU7725,TrueFi
300,CEL,Celsius
301,AVINOC,AVINOC
302,ALPHA,Alpha-Venture-DAO
303,MTL,Metal-DAO
304,MRS21178,Metars-Genesis
305,WIN,WINkLink
306,STRAX,Stratis
307,IQ,IQ
308,VOLT19650,Volt-Inu-V2
309,FX,Function-X
310,NKN,NKN
311,PHA,Phala-Network
312,DUSK,Dusk-Network
313,LOOM,Loom-Network
314,CQT,Covalent
315,POND,Marlin
316,DODO,DODO
317,MDX,Mdex
318,CTC,Creditcoin
319,XCAD,XCAD-Network
320,SPELL,Spell-Token
321,CEEK,CEEK-VR
322,MLK,MiL.k
323,FUN,FUNToken
324,SAITAMA20513,Saitama
325,AURA21532,Aura-Finance
326,ALICE,MyNeighborAlice
327,XVS,Venus
328,QKC,QuarkChain
329,TSUKA,Dejitaru-Tsuka
330,WNXM,Wrapped-NXM
331,WMT,World-Mobile-Token
332,CTK4807,Shentu
333,ARRR,Pirate-Chain
334,HIGH,Highstreet
335,RLY,Rally
336,DEL,Decimal
337,SOLO,Sologenic
338,BSW,Biswap
339,BFC7817,Bifrost
340,XYO,XYO
341,LOOKS,LooksRare
342,UOS,Ultra
343,DAG,Constellation
344,TLM,Alien-Worlds
345,XSGD,XSGD
346,GRV,Grove-Coin
347,ACA,Acala-Token
348,VERI,Veritaseum
349,PENDLE,Pendle
350,VRA,Verasity
351,RACA,RACA
352,WRX,WazirX
353,LCX,LCX
354,ORC,Orclands-Metaverse
355,CCD,Concordium
356,LAT,PlatON
357,XPRT,Persistence
358,SRM,Serum
359,AXEL,AXEL
360,YGG,Yield-Guild-Games
361,VBUSD,Venus-B
362,OXT,Orchid
363,FNCY,FNCY
364,CORE,cVault.finance
365,SUN,Sun-(New)
366,REEF,Reef
367,QUACK,RichQUACK.com
368,BETA,Beta-Finance
369,STRK,Strike
370,OGN,Origin-Protocol
371,PERP,Perpetual-Protocol
372,QLC,Kepple
373,STMX,StormX
374,VAI,Vai
375,BADGER,Badger-DAO
376,MFT,Hifi-Finance-(Old)
377,TKO,Toko-Token
378,ANKRETH,Ankr-Staked-ETH
379,NVIR,NvirWorld
380,ATA,Automata-Network
381,MOVR,Moonriver
382,ARK,Ark
383,TOMO,TomoChain
384,DAWN,Dawn-Protocol
385,MXC,MXC
386,IRIS,IRISnet
387,NEST,NEST-Protocol
388,DAR,Mines-of-Dalarnia
389,AERGO,Aergo
390,WAN,Wanchain
391,RSS3,RSS3
392,SSX,SOMESING
393,CBK,Cobak-Token
394,SFUND,Seedify.fund
395,META,Metadium
396,KLV,Klever
397,RKN,Rakon
398,VLX,Velas
399,AMPL,Ampleforth
400,MBL,MovieBloc
401,ARPA,ARPA
402,VEGA,Vega-Protocol
403,GHST,Aavegotchi
404,MTRG,Meter-Governance
405,FORTH,Ampleforth-Governance-Token
406,GODS,Gods-Unchained
407,KEY,SelfKey
408,QUICK,QuickSwap
409,CTXC,Cortex
410,CBG,Chainbing
411,WVLX,Wrapped-Velas
412,GFT,Gifto
413,SUPER8290,SuperVerse
414,AOG,smARTOFGIVING
415,UTK,Utrust
416,COL,Clash-of-Lilliput
417,BITCI,Bitcicoin
418,XWC,WhiteCoin
419,EFI,Efinity-Token
420,LINA7102,Linear-Finance
421,ZEON,ZEON
422,XVG,Verge
423,C98,Coin98
424,RAY,Raydium
425,ALPACA,Alpaca-Finance
426,TT,ThunderCore
427,KSP,KLAYswap-Protocol
428,FCTFCT2,FirmaChain
429,LYRA15447,Lyra
430,BLOK,Bloktopia
431,REV2135,Revain
432,LTO,LTO-Network
433,DPI,DeFi-Pulse-Index
434,BOBA,Boba-Network
435,YFII,DFI.Money
436,SUSD,s
437,UQC,Uquid-Coin
438,MLN,Enzyme
439,HUNT,HUNT
440,PHB,Phoenix
441,FLM,Flamingo
442,POLS,Polkastarter
443,MDT,Measurable-Data-Token
444,POLIS11213,Star-Atlas-DAO
445,ONUS,ONUS
446,TLOS,Telos
447,CRE,Carry
448,CUSD,Celo-Dollar
449,LIT6833,Litentry
450,QOM,Shiba-Predator
451,RARE11294,SuperRare
452,TVK,Virtua
453,DXD,DXdao
454,BAX,BABB
455,ETN,Electroneum
456,MOC,Moss-Coin
457,BIFI7311,Beefy-Finance
458,VRSC,VerusCoin
459,OPUL,Opulous
460,PRO,Prometheus
461,UFO10729,UFO-Gaming
462,ALCX,Alchemix
463,LOKA,League-of-Kingdoms-Arena
464,DFG19590,Defigram
465,ZBC,Zebec-Protocol
466,NPT,Neopin
467,VELO,Velo
468,SWEAT,Sweat-Economy
469,BAR,FC-Barcelona-Fan-Token
470,SDAO,SingularityDAO
471,BTM,Bytom
472,DG8833,DeGate
473,IDEX,IDEX
474,BAKE,BakeryToken
475,SBD,Steem-Dollars
476,AKT,Akash-Network
477,WXT,Wirex-Token
478,GRS,Groestlcoin
479,SWAP,TrustSwap
480,OUSD,Origin-Dollar
481,AUCTION,Bounce-Governance-Token
482,WAIT,Hourglass
483,GAS,Gas
484,FIS,StaFi
485,KP3R,Keep3rV1
486,DIA,DIA
487,CHESS10974,Tranchess
488,BTS,BitShares
489,PRE,Presearch
490,FORT20622,Forta
491,DF,dForce
492,BCD,Bitcoin-Diamond
493,ADS,Adshares
494,EUROC,Euro-Coin
495,ATLAS,Star-Atlas
496,PIVX,PIVX
497,WNCG,Nine-Chronicles
498,MONA,MonaCoin
499,HI,HI
500,RAMP,RAMP
501,CHNG,Chainge
502,AQT,Alpha-Quark-Token
503,VUSDT,Venus-T
504,SNM,SONM-(BEP-20)
505,RFR,Refereum
506,YOOSHI,YooShi
507,UPP,Sentinel-Protocol
508,ORN,Orion-Protocol
509,BOND,BarnBridge
510,NOIA,Syntropy
511,KMD,Komodo
512,AE,Ã†ternity
513,ULT,Ultiledger
514,QI9288,BENQI
515,NTX13198,NuNet
516,AHT,AhaToken
517,GMM,Gamium
518,EXRD,e-Radix
519,AURORA14803,Aurora
520,GEL,Gelato
521,AVA,Travala.com
522,YLD8066,Yield-App
523,TROY,TROY
524,ERN,Ethernity
525,REI19819,REI-Network
526,ASD,ASD
527,TPT,TokenPocket
528,MCT16946,Metacraft
529,CULT,Cult-DAO
530,ONIT,ONBUFF
531,USDK,K
532,FWT,Freeway-Token
533,BEL,Bella-Protocol
534,TIME,Chrono.tech
535,EPIC,Epic-Cash
536,GMT10180,GMT-Token
537,DATA,Streamr
538,RSV,Reserve
539,GZONE,GameZone
540,QRDO,Qredo
541,COS,Contentos
542,LEVER,LeverFi
543,ROUTE,Router-Protocol
544,AIOZ,AIOZ-Network
545,OAX,OAX
546,GAFI,GameFi.org
547,SPS,Splintershards
548,BNANA,Chimpion
549,CON,CONUN
550,DEGO,Dego-Finance
551,NULS,NULS
552,HAI,Hacken-Token
553,CLV,CLV
554,BLZ,Bluzelle
555,LON,Tokenlon-Network-Token
556,AGLD,Adventure-Gold
557,MAP,MAP-Protocol
558,COVAL,Circuits-of-Value
559,FER,Ferro
560,WOZX,Efforce
561,VIDT22710,VIDT-DAO
562,EPS8938,Ellipsis
563,BOSON,Boson-Protocol
564,MIN12787,Minswap
565,H2O19091,H2O-DAO
566,DEP,DEAPcoin
567,FIRO,Firo
568,KAI,KardiaChain
569,VOXEL,Voxies
570,CPH,Cypherium
571,CITY10049,Manchester-City-Fan-Token
572,PSG,Paris-Saint-Germain-Fan-Token
573,CAPS,Ternoa
574,ADX,Ambire-AdEx
575,ALPINE,Alpine-F1-Team-Fan-Token
576,BZZ,Swarm
577,GOG,Guild-of-Guardians
578,FIO,FIO-Protocol
579,DEXT,DEXTools
580,UBT,Unibright
581,ELA,Elastos
582,DOME,Everdome
583,NEXA,Nexa
584,ALT10897,Alitas
585,TRB,Tellor
586,CREAM,Cream-Finance
587,FARM,Harvest-Finance
588,UNFI,Unifi-Protocol-DAO
589,FSN,Fusion
590,KRT,TerraKRW
591,RARI,Rarible
592,HARD,Kava-Lend
593,ICHI,ICHI
594,HEZ,Hermez-Network
595,STARL,Starlink
596,APX,ApolloX
597,HERO10778,Metahero
598,SOFI,RAI-Finance
599,HELLO,HELLO
600,DREP,Drep-[new]
601,RMRK,RMRK
602,DG15478,Decentral-Games
603,LAZIO,S.S.-Lazio-Fan-Token
604,SOUL,Phantasma
605,HVH,HAVAH
606,MARO,Maro
607,VITE,VITE
608,PIT,Pitbull
609,SOV,Sovryn
610,MPL,Maple
611,WLKN,Walken
612,XPR,Proton
613,VXVS,Venus-XVS
614,BURGER,BurgerCities
615,FITFI,Step-App
616,HSF,Hillstone-Finance
617,SDN,Shiden-Network
618,FRONT,Frontier
619,VXV,Vectorspace-AI
620,DERC,DeRace
621,OM,OnlyMemes
622,MIM21557,Mint-Marble
623,CET,CoinEx-Token
624,MDAO18913,MarsDAO
625,GYEN,GYEN
626,PNK,Kleros
627,ALU,Altura
628,HTR,Hathor
629,NAKA,Nakamoto-Games
630,RAINI,Rainicorn
631,NEBL,Neblio
632,DX,DxChain-Token
633,EPX,Ellipsis
634,SOS16463,OpenDAO
635,AMB,AirDAO
636,GF15585,GuildFi
637,CENNZ,CENNZnet
638,MET,Metronome
639,WING7048,Wing-Finance
640,NMC,Namecoin
641,SANTOS,Santos-FC-Fan-Token
642,CEUR,Celo-Euro
643,KILT,KILT-Protocol
644,MNGO,Mango
645,PRQ,PARSIQ
646,FRA,Findora
647,RFOX,RFOX
648,AKRO,Akropolis
649,PERL,PERL.eco
650,DIVI,Divi
651,FOR,ForTube
652,AST,AirSwap
653,DOCK,Dock
654,ES,Era-Swap
655,DNT,district0x
656,STRM17464,StreamCoin
657,VAI8479,VAIOT
658,FIDA,Bonfida
659,VIB,Viberate
660,BMX,BitMart-Token
661,PORTO,FC-Porto-Fan-Token
662,DBC,DeepBrain-Chain
663,GFI13967,Goldfinch
664,OOKI,Ooki-Protocol
665,PLU,Project-Plutus
666,DC21414,Dogechain
667,EGG,Nestree
668,AUTO,Auto
669,HNS,Handshake
670,SCLP,Scallop
671,GXA,GALAXIA
672,DACXI,Dacxi
673,GAL,Galatasaray-Fan-Token
674,WTC,Waltonchain
675,AMO,AMO-Coin
676,DORA,Dora-Factory
677,BOO,SpookySwap
678,MEV,MEVerse
679,LA,LATOKEN
680,MLT,MILC-Platform
681,TABOO,TABOO-TOKEN
682,PTS,Petals
683,KUNCI,Kunci-Coin
684,NCT,Name-Change-Token
685,TOKE,Tokemak
686,FUSE,Fuse-Network
687,CHO,Choise.com
688,HUSD,H
689,PDEX,Polkadex
690,PNT5794,pNetwork
691,GET,GET-Protocol
692,HYDRA,Hydra
693,EUM,Elitium
694,ASM,Assemble-Protocol
695,ALEPH,Aleph.im
696,BWO,Battle-World
697,HDAO,HyperDAO
698,DVF,rhino.fi
699,XHV,Haven-Protocol
700,MCB,MUX-Protocol
701,BSCPAD,BSCPAD
702,UNCX,UniCrypt
703,BIDR,BIDR
704,JEWEL,DeFi-Kingdoms
705,SOLVE,SOLVE
706,PROS8255,Prosper
707,STC,Student-Coin
708,PPC,Pokemon-Play
709,GST16352,Green-Satoshi-Token-(SOL)
710,NRG,Energi
711,SUKU,Suku
712,THN,Throne
713,DPR,Deeper-Network
714,GOC,GoCrypto-Token
715,AFC11532,Arsenal-Fan-Token
716,SERO,Super-Zero-Protocol
717,SWTH,Carbon-Protocol
718,CUBE,Somnium-Space-Cubes
719,SAITO,Saito
720,MATH,MATH
721,DAD,DAD
722,CVP,PowerPool
723,BEPRO,BEPRO-Network
724,MIX,MixMarvel
725,KATA,Katana-Inu
726,HOPR,HOPR
727,APM,apM-Coin
728,ORB18839,Orbcity
729,ADP,Adappter-Token
730,ATOLO,RIZON
731,NEWS,PUBLISH
732,SOCKS,Unisocks
733,GNY,GNY
734,UFT,UniLend
735,TTT5514,The-Transfer-Token
736,NIM,Nimiq
737,DMD,Diamond
738,CRTS,Cratos
739,ACM8538,AC-Milan-Fan-Token
740,FOX,Shapeshift-FOX-Token
741,SAMO,Samoyedcoin
742,PKF,Red-Kite
743,DLC21849,Diamond-Launch
744,OOE,OpenOcean
745,QSP,Quantstamp
746,NUM,Numbers-Protocol
747,DFA,DeFine
748,HEGIC,Hegic
749,CPOOL,Clearpool
750,DVI,Dvision-Network
751,ABT,Arcblock
752,ZKS,ZKSpace
753,GBYTE,Obyte
754,SLND,Solend
755,KAR,Karura
756,STOS,Stratos
757,ERC20,ERC20
758,CIV11345,Civilization
759,BANANA8497,ApeSwap
760,TAMA,Tamadoge
761,ROOK,Rook
762,CRU,Crust-Network
763,MSOL,Marinade-Staked-SOL
764,XNC,XeniosCoin
765,JUV,Juventus-Fan-Token
766,PUSH,Push-Protocol
767,ETHAX,ETHAX
768,KDAG,King-DAG
769,SIDUS,SIDUS
770,KRL,Kryll
771,MWC,MimbleWimbleCoin
772,FYN,Affyn
773,KAN,BitKan
774,NFTX,NFTX
775,RISE15257,EverRise
776,SIX,SIX
777,NXS,Nexus
778,SD,Stader
779,AION,Aion
780,HOGE,Hoge-Finance
781,VEED,VIMworld
782,XDEFI,XDEFI-Wallet
783,LSS,Lossless
784,AURY,Aurory
785,NAP,Napoli-Fan-Token
786,BDP8708,Big-Data-Protocol
787,HAPI,HAPI-Protocol
788,SENSO,SENSO
789,GARI,Gari-Network
790,IMPT22985,IMPT
791,INTER,Inter-Milan-Fan-Token
792,BTSE,BTSE
793,1,1-UP-Platform
794,QRL,Quantum-Resistant-Ledger
795,IHF,Invictus-Hyperion-Fund
796,DDX,DerivaDAO
797,ZANO,Zano
798,VINU15270,Vita-Inu
799,KIN,Kin
800,DAFI,DAFI-Protocol
801,SFD,SAFE-DEAL
802,FUND,Unification
803,BLT12182,Blocto-Token
804,VR,Victoria-VR
805,GOVI,Govi
806,SPA,Sperax
807,OG,OriginDAO
808,BABY10334,BabySwap
809,VRT,Venus-Reward-Token
810,ACX22620,Across-Protocol
811,URUS,Aurox
812,PTU,Pintu-Token
813,EL,ELYSIA
814,ATM,Atletico-De-Madrid-Fan-Token
815,KAT3634,Kambria
816,VTC,Vertcoin
817,MAN,Matrix-AI-Network
818,ORAI,Oraichain
819,CERE,Cere-Network
820,ZCN,Zus
821,QTCON,Quiztok
822,GRC,Gridcoin
823,WRLD,NFT-Worlds
824,SWASH,Swash
825,BOA,BOSagora
826,SHIRYO,Shiryo
827,GO,GoChain
828,MVC,MileVerse
829,WICC,WaykiChain
830,BRG,Bridge-Oracle
831,VEE,BLOCKv
832,CUDOS,CUDOS
833,XTP,Tap
834,APL,Apollo-Currency
835,SHPING,SHPING
836,K21,K21
837,TOWN,Town-Star
838,MANC,Mancium
839,PZM,PRIZM
840,TREEB,Retreeb
841,XCP,Counterparty
842,CRPT,Crypterium
843,BASIC,BASIC
844,PALLA,Pallapay
845,NWC,Newscrypto
846,DSLA,DSLA-Protocol
847,DIME,Dimecoin
848,BTCST,Bitcoin-Standard-Hashrate-Token
849,NAV,Navcoin
850,NYE,NewYork-Exchange
851,THG,Thetan-Arena
852,HAM,Hamster
853,VAL,Validity
854,TEMCO,TEMCO
855,XED,Exeedme
856,GRID,Grid+
857,POA,Proof-Of-Apes
858,MCRT,MagicCraft
859,XMC,Monero-Classic
860,OBSR,Observer
861,IDRT,Rupiah-Token
862,RAE,Receive-Access-Ecosystem
863,CGO,Comtech-Gold
864,MIR7857,Mirror-Protocol
865,LBC,LBRY-Credits
866,QASH,QASH
867,BAN,Banano
868,OXEN,Oxen
869,BTC2,Bitcoin-2
870,PART,Paricle-Technology
871,ZNN,Zenon
872,GOAL,TopGoal
873,VLTC,Venus-LTC
874,WOM19623,Wombat-Exchange
875,ARIA20,Arianee
876,XEP,Electra-Protocol
877,KOK,KOK
878,GRG,RigoBlock
879,TORN,Tornado-Cash
880,DFYN,Dfyn-Network
881,PBR,PolkaBridge
882,DHT,dHedge-DAO
883,RAI,Rai-Reflex-Index
884,DOV,Dovu
885,DERI,Deri-Protocol
886,TRVL,TRVL
887,RING,Darwinia-Network
888,MASQ,MASQ
889,UPUNK,Unicly-CryptoPunks-Collection
890,MITX,Morpheus-Labs
891,CBX,CropBytes
892,ANC8857,Anchor-Protocol
893,REAP,ReapChain
894,BIOT,BioPassport-Token
895,MEME,Memetic-PepeCoin
896,GRIN,Grin
897,NSBT,Neutrino-Token
898,ZYN,Zynecoin
899,FCT,Factom
900,PNG,Pangolin
901,CLO,Callisto-Network
902,ASTA,ASTA
903,TONE,TE-FOOD
904,CTX,Cryptex-Finance
905,BTRS,Bitball-Treasure
906,REV,RChain
907,CELL,Cellframe
908,LTX,Lattice-Token
909,AVT,Aventus
910,BUY11750,BuyingCom
911,ONE,Harmony
912,KMA,Calamari-Network
913,WHALE,WHALE
914,EMRX,Emirex-Token
915,PAINT,MurAll
916,VBIT,Valobit
917,CAS,Cashaa
918,OVR,OVR
919,EPIK,EPIK-Prime
920,PEEL,Meta-Apes
921,BEAM,Beam
922,OXB,OxbullTech
923,VSYS,VSystems
924,DVPN,Sentinel
925,MOF,Molecular-Future
926,GRND,SuperWalk
927,VDAI,Venus-DAI
928,RDD,ReddCoin
929,SHILL,SHILL-Token
930,ASR,AS-Roma-Fan-Token
931,GULF,Gulf-Coin
932,ARV,Ariva
933,CIRUS,Cirus-Foundation
934,BCN,Bytecoin
935,SIGNA,Signum
936,MYST,Mysterium
937,WIKEN,Project-WITH
938,BF,BitForex-Token
939,RED21690,RED-TOKEN
940,EQUAD,QuadrantProtocol
941,RAVEN,Raven-Protocol
942,SCP,ScPrime
943,CGG,ChainGuardians
944,BOTTO,Botto
945,SHR,ShareToken
946,POLA,Polaris-Share
947,TITAN,TitanSwap
948,PKT9523,PKT
949,IHC,Inflation-Hedging-Coin
950,FST,1irstcoin
951,ID,Everest
952,OGV,Origin-Dollar-Governance
953,VID,Vivid-Labs
954,BLP,BullPerks
955,GFI,Gravity-Finance
956,LNC,Linker-Coin
957,GLCH,Glitch
958,FRTS,Fruits
959,XPX,ProximaX
960,BONDLY,Forj(Bondly)
961,XRT,Robonomics.network
962,IGNIS,Ignis
963,ORT16252,Okratech-Token
964,BOLT,BOLT
965,MOOV,Dotmoovs
966,KASTA,Kasta
967,PI,Pi
968,KROM,Kromatika
969,JUP,Jupiter
970,BTR4167,Bitrue-Coin
971,STAKE,STAKE
972,TAROT,Tarot
973,LBL,LABEL-Foundation
974,SPC,SpaceChain
975,GHX,GamerCoin
976,PCX,ChainX
977,MOD,Modefi
978,TON,Tokamak-Network
979,GMEE,GAMEE
980,DGD,DigixDAO
981,EDG5274,Edgeware
982,CCT,Carbon-Credit
983,LOVELY,Lovely-Inu-Finance
984,TRR,Terran-Coin
985,AWC,Atomic-Wallet-Coin
986,CRP,Crypton
987,CHI,Xaya
988,BEND,BendDAO
989,NOW,ChangeNOW-Token
990,PROB,ProBit-Token
991,SHFT,Shyft-Network
992,KARMA,KARMA
993,ATRI,Atari-Token
994,TRIX,TriumphX
995,SLIM,Solanium
996,TOMS,TomTomCoin
997,PSP,ParaSwap
998,UNB,Unbound
999,LITH,Lithium
